sku,url
OMHZ6CSV,https://www.jakartanotebook.com/search?key=OMHZ6CSV
7CHTQZBK,https://www.jakartanotebook.com/search?key=7CHTQZBK
OMHAMCSV,https://www.jakartanotebook.com/search?key=OMHAMCSV
OMLL8OWT,https://www.jakartanotebook.com/search?key=OMLL8OWT
7CTH76BK,https://www.jakartanotebook.com/search?key=7CTH76BK
4LHX0IBK,https://www.jakartanotebook.com/search?key=4LHX0IBK
7CTH76WH,https://www.jakartanotebook.com/search?key=7CTH76WH
7CHXB8RE,https://www.jakartanotebook.com/search?key=7CHXB8RE
7RHXBIBK,https://www.jakartanotebook.com/search?key=7RHXBIBK
7RTH09GD,https://www.jakartanotebook.com/search?key=7RTH09GD
7CHXB8BL,https://www.jakartanotebook.com/search?key=7CHXB8BL
7RHXGLBK,https://www.jakartanotebook.com/search?key=7RHXGLBK
7RTH0CBK,https://www.jakartanotebook.com/search?key=7RTH0CBK
OMHAMDSV,https://www.jakartanotebook.com/search?key=OMHAMDSV
7RLL29MB,https://www.jakartanotebook.com/search?key=7RLL29MB
7CTH5BSV,https://www.jakartanotebook.com/search?key=7CTH5BSV
7CHTQYBK,https://www.jakartanotebook.com/search?key=7CHTQYBK
7CHZ5LBK,https://www.jakartanotebook.com/search?key=7CHZ5LBK
4LHX0MBK,https://www.jakartanotebook.com/search?key=4LHX0MBK
OMHX7BSV,https://www.jakartanotebook.com/search?key=OMHX7BSV
OMHX7BBK,https://www.jakartanotebook.com/search?key=OMHX7BBK
7RTH2TBK,https://www.jakartanotebook.com/search?key=7RTH2TBK
7RTH2TCF,https://www.jakartanotebook.com/search?key=7RTH2TCF
OMHXAFKY,https://www.jakartanotebook.com/search?key=OMHXAFKY
5JHX01SV,https://www.jakartanotebook.com/search?key=5JHX01SV
5JHX01BK,https://www.jakartanotebook.com/search?key=5JHX01BK
7RTHKTOX,https://www.jakartanotebook.com/search?key=7RTHKTOX
7RHX0XBK,https://www.jakartanotebook.com/search?key=7RHX0XBK
7RTH09BK,https://www.jakartanotebook.com/search?key=7RTH09BK
7CTH7JGY,https://www.jakartanotebook.com/search?key=7CTH7JGY
7CTH7EBK,https://www.jakartanotebook.com/search?key=7CTH7EBK
7RHX96SV,https://www.jakartanotebook.com/search?key=7RHX96SV
4LHX05BK,https://www.jakartanotebook.com/search?key=4LHX05BK
OMHZ6DSV,https://www.jakartanotebook.com/search?key=OMHZ6DSV
7CHZ5RBR,https://www.jakartanotebook.com/search?key=7CHZ5RBR
OMHX3YSV,https://www.jakartanotebook.com/search?key=OMHX3YSV
OMHZVIBK,https://www.jakartanotebook.com/search?key=OMHZVIBK
OMTHRPBK,https://www.jakartanotebook.com/search?key=OMTHRPBK
OMTHRPSV,https://www.jakartanotebook.com/search?key=OMTHRPSV
7CTH7LBV,https://www.jakartanotebook.com/search?key=7CTH7LBV
7CTH7IWH,https://www.jakartanotebook.com/search?key=7CTH7IWH
7CTH65SV,https://www.jakartanotebook.com/search?key=7CTH65SV
7RHXB8BK,https://www.jakartanotebook.com/search?key=7RHXB8BK
7RLLAGBK,https://www.jakartanotebook.com/search?key=7RLLAGBK
7CTHBRBK,https://www.jakartanotebook.com/search?key=7CTHBRBK
7CHX4JBK,https://www.jakartanotebook.com/search?key=7CHX4JBK
4LHX06MB,https://www.jakartanotebook.com/search?key=4LHX06MB
7RHXAKBK,https://www.jakartanotebook.com/search?key=7RHXAKBK
7ROR2KMC,https://www.jakartanotebook.com/search?key=7ROR2KMC
7RHXHMBK,https://www.jakartanotebook.com/search?key=7RHXHMBK
7RTP1QSV,https://www.jakartanotebook.com/search?key=7RTP1QSV
4LHZ01BK,https://www.jakartanotebook.com/search?key=4LHZ01BK
7CTH5AGD,https://www.jakartanotebook.com/search?key=7CTH5AGD
4LHX0KBK,https://www.jakartanotebook.com/search?key=4LHX0KBK
7RTHKSSV,https://www.jakartanotebook.com/search?key=7RTHKSSV
4LHX07BK,https://www.jakartanotebook.com/search?key=4LHX07BK
OMSEKZBK,https://www.jakartanotebook.com/search?key=OMSEKZBK
4LHX0NBK,https://www.jakartanotebook.com/search?key=4LHX0NBK
IHOT01SV,https://www.jakartanotebook.com/search?key=IHOT01SV
OMTP1MSV,https://www.jakartanotebook.com/search?key=OMTP1MSV
OMHAIBBR,https://www.jakartanotebook.com/search?key=OMHAIBBR
7RHA82SV,https://www.jakartanotebook.com/search?key=7RHA82SV
7RHANXBK,https://www.jakartanotebook.com/search?key=7RHANXBK
OMLL23SV,https://www.jakartanotebook.com/search?key=OMLL23SV
OMLL24SV,https://www.jakartanotebook.com/search?key=OMLL24SV
5LOT01BK,https://www.jakartanotebook.com/search?key=5LOT01BK
7ROT20BK,https://www.jakartanotebook.com/search?key=7ROT20BK
OMHX5SBK,https://www.jakartanotebook.com/search?key=OMHX5SBK
OMHX5RBK,https://www.jakartanotebook.com/search?key=OMHX5RBK
7RHA13SV,https://www.jakartanotebook.com/search?key=7RHA13SV
7RHALVSV,https://www.jakartanotebook.com/search?key=7RHALVSV
7RHALVBK,https://www.jakartanotebook.com/search?key=7RHALVBK
4LHX0NSV,https://www.jakartanotebook.com/search?key=4LHX0NSV
7CHZ80TC,https://www.jakartanotebook.com/search?key=7CHZ80TC
7RHXD5BK,https://www.jakartanotebook.com/search?key=7RHXD5BK
IMHZ02BK,https://www.jakartanotebook.com/search?key=IMHZ02BK
7CHZ0DBK,https://www.jakartanotebook.com/search?key=7CHZ0DBK
7RHZTUBK,https://www.jakartanotebook.com/search?key=7RHZTUBK
7RHZTTBK,https://www.jakartanotebook.com/search?key=7RHZTTBK
IMHZ03BK,https://www.jakartanotebook.com/search?key=IMHZ03BK
7RSE39XX,https://www.jakartanotebook.com/search?key=7RSE39XX
7RSEN2BK,https://www.jakartanotebook.com/search?key=7RSEN2BK
QLSE02SV,https://www.jakartanotebook.com/search?key=QLSE02SV
IMSE01KG,https://www.jakartanotebook.com/search?key=IMSE01KG
7CSE1PGY,https://www.jakartanotebook.com/search?key=7CSE1PGY
7CTH8NBL,https://www.jakartanotebook.com/search?key=7CTH8NBL
7CTH8NBK,https://www.jakartanotebook.com/search?key=7CTH8NBK
OMOT1RSV,https://www.jakartanotebook.com/search?key=OMOT1RSV
7RHA0GBK,https://www.jakartanotebook.com/search?key=7RHA0GBK
7RHX26BK,https://www.jakartanotebook.com/search?key=7RHX26BK
OMHX7CBK,https://www.jakartanotebook.com/search?key=OMHX7CBK
OMHAO7BK,https://www.jakartanotebook.com/search?key=OMHAO7BK
OMHASJBK,https://www.jakartanotebook.com/search?key=OMHASJBK
7RHAI9BK,https://www.jakartanotebook.com/search?key=7RHAI9BK
OMHAINBK,https://www.jakartanotebook.com/search?key=OMHAINBK
OMHA4USV,https://www.jakartanotebook.com/search?key=OMHA4USV
7RHAOTBR,https://www.jakartanotebook.com/search?key=7RHAOTBR
7CHKIMBR,https://www.jakartanotebook.com/search?key=7CHKIMBR
OMHZN8BR,https://www.jakartanotebook.com/search?key=OMHZN8BR
7RHA7WSV,https://www.jakartanotebook.com/search?key=7RHA7WSV
7RHXB8ME,https://www.jakartanotebook.com/search?key=7RHXB8ME
OMHAJQBK,https://www.jakartanotebook.com/search?key=OMHAJQBK
7RHKGGTP,https://www.jakartanotebook.com/search?key=7RHKGGTP
7CTH65BK,https://www.jakartanotebook.com/search?key=7CTH65BK
4LTH02BK,https://www.jakartanotebook.com/search?key=4LTH02BK
4LHX04BK,https://www.jakartanotebook.com/search?key=4LHX04BK
4LHX02BK,https://www.jakartanotebook.com/search?key=4LHX02BK
7RHXV4BK,https://www.jakartanotebook.com/search?key=7RHXV4BK
OMHAIEXX,https://www.jakartanotebook.com/search?key=OMHAIEXX
7RHAQ8GR,https://www.jakartanotebook.com/search?key=7RHAQ8GR
7RHAQ8OG,https://www.jakartanotebook.com/search?key=7RHAQ8OG
7RHAQ8SD,https://www.jakartanotebook.com/search?key=7RHAQ8SD
7RHAQ8RE,https://www.jakartanotebook.com/search?key=7RHAQ8RE
7RHADUCO,https://www.jakartanotebook.com/search?key=7RHADUCO
7RHX24MC,https://www.jakartanotebook.com/search?key=7RHX24MC
OMHAX0SV,https://www.jakartanotebook.com/search?key=OMHAX0SV
OMHAX0BK,https://www.jakartanotebook.com/search?key=OMHAX0BK
7RHA3LBK,https://www.jakartanotebook.com/search?key=7RHA3LBK
7RHA3LSV,https://www.jakartanotebook.com/search?key=7RHA3LSV
7CHA3GSV,https://www.jakartanotebook.com/search?key=7CHA3GSV
7RHX25MC,https://www.jakartanotebook.com/search?key=7RHX25MC
OMHANVBK,https://www.jakartanotebook.com/search?key=OMHANVBK
7RTH09SV,https://www.jakartanotebook.com/search?key=7RTH09SV
7RTHKTBR,https://www.jakartanotebook.com/search?key=7RTHKTBR
7RTH8HBK,https://www.jakartanotebook.com/search?key=7RTH8HBK
OMTHRPGD,https://www.jakartanotebook.com/search?key=OMTHRPGD
7RTHKRBK,https://www.jakartanotebook.com/search?key=7RTHKRBK
4LTH01GY,https://www.jakartanotebook.com/search?key=4LTH01GY
4LTH01SV,https://www.jakartanotebook.com/search?key=4LTH01SV
4LTH01GD,https://www.jakartanotebook.com/search?key=4LTH01GD
4LTH01RG,https://www.jakartanotebook.com/search?key=4LTH01RG
OMHXAFBK,https://www.jakartanotebook.com/search?key=OMHXAFBK
5JHX01GD,https://www.jakartanotebook.com/search?key=5JHX01GD
7CTH7KBK,https://www.jakartanotebook.com/search?key=7CTH7KBK
4LHZ03SV,https://www.jakartanotebook.com/search?key=4LHZ03SV
4LHZ03GD,https://www.jakartanotebook.com/search?key=4LHZ03GD
4LHZ03BK,https://www.jakartanotebook.com/search?key=4LHZ03BK
7CTH5AGD,https://www.jakartanotebook.com/search?key=7CTH5AGD
OMHX5KGD,https://www.jakartanotebook.com/search?key=OMHX5KGD
